sample,ZP3,idh_1p19q,idh_status,tx_subtype
TCGA-S9-A7J2-01,0.3907,Codel,Mutant,PN
TCGA-E1-A7YI-01,4.3723,Non-codel,Mutant,PN
TCGA-DU-7302-01,-1.5522,Codel,Mutant,NE
TCGA-DU-A7TI-01,-0.6193,Non-codel,,NE
TCGA-P5-A5EX-01,-0.0425,Codel,Mutant,ME
TCGA-HT-8563-01,3.5149,Non-codel,Mutant,ME
TCGA-DU-7012-01,3.1908,Non-codel,WT,ME
TCGA-E1-5322-01,3.5982,Non-codel,Mutant,PN
TCGA-HT-8558-01,3.4197,Non-codel,WT,NE
TCGA-S9-A6U8-01,-0.5543,Non-codel,Mutant,PN
TCGA-CS-5393-01,4.2721,Non-codel,Mutant,PN
TCGA-HT-7854-01,2.2482,Non-codel,WT,NE
TCGA-HT-7874-01,-0.7834,Codel,Mutant,NE
TCGA-RY-A845-01,0.5666,Non-codel,Mutant,
TCGA-HT-7616-01,0.2998,Codel,Mutant,ME
TCGA-KT-A7W1-01,4.1294,Non-codel,WT,CL
TCGA-P5-A5F2-01,1.4228,Non-codel,Mutant,NE
TCGA-CS-5396-01,3.1095,Codel,Mutant,PN
TCGA-HT-7680-01,0.2154,Non-codel,WT,
TCGA-S9-A7IS-01,-0.1504,Non-codel,Mutant,PN
TCGA-HW-7486-01,3.309,Codel,Mutant,PN
TCGA-P5-A5F1-01,1.3791,Non-codel,Mutant,
TCGA-DU-7011-01,0.1124,Non-codel,Mutant,NE
TCGA-P5-A77X-01,2.8301,Codel,Mutant,NE
TCGA-VM-A8CA-01,1.9675,Non-codel,Mutant,
TCGA-DU-7015-01,1.692,Non-codel,Mutant,PN
TCGA-TM-A7C5-01,0.7832,Codel,Mutant,PN
TCGA-DU-8162-01,2.5011,Non-codel,WT,NE
TCGA-TM-A84O-01,3.2435,Codel,Mutant,
TCGA-FG-A60K-01,2.0325,Codel,Mutant,PN
TCGA-S9-A7R3-01,3.6703,Non-codel,Mutant,
TCGA-TQ-A7RN-01,3.6335,Codel,Mutant,PN
TCGA-DU-A6S6-01,-0.6873,Codel,Mutant,NE
TCGA-S9-A7R2-01,4.3688,Non-codel,WT,
TCGA-P5-A735-01,3.4156,Non-codel,Mutant,PN
TCGA-HT-7691-01,1.0363,Non-codel,WT,
TCGA-FG-A6J1-01,5.1425,Codel,Mutant,PN
TCGA-DU-6402-01,1.8242,Non-codel,WT,CL
TCGA-HT-8104-01,3.6266,Non-codel,WT,CL
TCGA-FN-7833-01,0.7999,Non-codel,Mutant,
TCGA-HT-7473-01,0.7748,Non-codel,Mutant,
TCGA-HT-8019-01,3.506,Non-codel,WT,NE
TCGA-DB-A4XF-01,2.9655,Non-codel,Mutant,PN
TCGA-HT-A5RA-01,1.8078,Non-codel,WT,CL
TCGA-E1-A7YL-01,2.1798,Non-codel,WT,ME
TCGA-HT-A61B-01,2.7889,Non-codel,Mutant,
TCGA-TM-A7CA-01,2.7951,Non-codel,Mutant,PN
TCGA-HT-7684-01,4.834,Non-codel,Mutant,
TCGA-HW-8322-01,3.4726,Codel,Mutant,PN
TCGA-S9-A6U9-01,4.3082,Non-codel,Mutant,
TCGA-HT-7676-01,3.2572,Non-codel,Mutant,PN
TCGA-HT-7469-01,4.2404,Non-codel,WT,CL
TCGA-DH-A7UU-01,1.0847,Non-codel,Mutant,PN
TCGA-HT-7873-01,1.9073,Non-codel,Mutant,PN
TCGA-HW-A5KK-01,4.2343,Non-codel,WT,CL
TCGA-DB-A64P-01,3.716,Codel,Mutant,PN
TCGA-HT-7478-01,4.0136,Non-codel,Mutant,ME
TCGA-S9-A6TX-01,1.4065,Codel,Mutant,PN
TCGA-RY-A83Z-01,4.8435,Non-codel,Mutant,
TCGA-FG-6688-01,4.2243,Non-codel,WT,
TCGA-FG-A4MT-01,0.4125,Non-codel,Mutant,PN
TCGA-FG-A6IZ-01,6.2165,Codel,Mutant,PN
TCGA-HT-8113-01,2.4649,Non-codel,Mutant,NE
TCGA-DH-A7UT-01,4.4189,Non-codel,Mutant,
TCGA-EZ-7264-01,-1.5105,Codel,Mutant,PN
TCGA-TQ-A7RF-01,1.8242,Non-codel,Mutant,
TCGA-DB-5274-01,2.6232,Codel,Mutant,PN
TCGA-S9-A7R8-01,4.0696,Non-codel,Mutant,PN
TCGA-FG-7641-01,3.1409,Codel,Mutant,NE
TCGA-HW-7495-01,4.3944,Codel,Mutant,NE
TCGA-CS-6669-01,2.2268,Non-codel,WT,NE
TCGA-HT-7481-01,3.2856,Codel,Mutant,NE
TCGA-DU-8163-01,-0.5125,Non-codel,Mutant,PN
TCGA-S9-A6WD-01,1.3051,Codel,Mutant,PN
TCGA-CS-4942-01,2.1541,Non-codel,Mutant,PN
TCGA-HT-8110-01,2.5263,Non-codel,WT,ME
TCGA-HT-8106-01,1.0222,Non-codel,Mutant,ME
TCGA-QH-A6CW-01,3.5136,Non-codel,Mutant,
TCGA-RY-A840-01,-0.2328,Codel,Mutant,
TCGA-HW-8319-01,2.8838,Non-codel,Mutant,PN
TCGA-HT-7482-01,4.1335,Non-codel,Mutant,PN
TCGA-DU-5870-01,-0.7588,Codel,Mutant,PN
TCGA-E1-5304-01,4.7225,Non-codel,Mutant,PN
TCGA-TM-A84S-01,4.4958,Codel,Mutant,
TCGA-CS-4943-01,3.2647,Non-codel,Mutant,PN
TCGA-E1-A7Z3-01,0.5859,Non-codel,Mutant,NE
TCGA-FG-8182-01,0.1776,Non-codel,Mutant,PN
TCGA-DU-A5TW-01,0.517,Non-codel,Mutant,PN
TCGA-TQ-A7RP-01,3.6782,Non-codel,WT,NE
TCGA-HT-7689-01,0.4967,Non-codel,Mutant,PN
TCGA-FG-7638-01,-1.1811,Codel,Mutant,NE
TCGA-P5-A5EV-01,1.9073,Non-codel,Mutant,PN
TCGA-HT-7476-01,0.4447,Non-codel,Mutant,NE
TCGA-TQ-A7RG-01,3.2737,Codel,Mutant,PN
TCGA-TM-A84F-01,3.5596,Non-codel,Mutant,
TCGA-FG-8181-01,0.9419,Non-codel,WT,NE
TCGA-DU-A7T6-01,4.2631,Codel,Mutant,PN
TCGA-DB-A4XC-01,1.9712,Non-codel,Mutant,NE
TCGA-S9-A6U2-01,4.3002,Codel,Mutant,PN
TCGA-DB-A75M-01,3.4596,Non-codel,Mutant,
TCGA-HT-8012-01,3.2811,Codel,Mutant,PN
TCGA-S9-A7QW-01,3.3379,Non-codel,Mutant,PN
TCGA-P5-A733-01,-2.6349,Non-codel,Mutant,
TCGA-E1-A7Z4-01,3.9194,Non-codel,Mutant,
TCGA-FG-8185-01,1.0847,Non-codel,Mutant,PN
TCGA-FG-A4MW-01,3.5875,Non-codel,WT,CL
TCGA-HW-8320-01,2.791,Non-codel,Mutant,PN
TCGA-DU-5849-01,4.2728,Codel,Mutant,NE
TCGA-DB-5273-01,4.1612,Non-codel,Mutant,
TCGA-R8-A6MO-01,4.1571,Codel,Mutant,PN
TCGA-CS-6670-01,3.3506,Codel,Mutant,PN
TCGA-DU-5854-01,2.7657,Non-codel,WT,CL
TCGA-S9-A6WL-01,2.6441,Codel,Mutant,NE
TCGA-S9-A6TV-01,0.9716,Non-codel,Mutant,ME
TCGA-S9-A6WE-01,4.8161,Codel,Mutant,PN
TCGA-QH-A6XA-01,4.4033,Non-codel,Mutant,PN
TCGA-DU-6393-01,2.0076,Codel,Mutant,PN
TCGA-VM-A8C9-01,4.6972,Non-codel,WT,
TCGA-DU-5853-01,4.5318,Non-codel,Mutant,PN
TCGA-FG-5962-01,3.3379,Codel,Mutant,NE
TCGA-QH-A65S-01,3.4129,Non-codel,Mutant,PN
TCGA-F6-A8O4-01,-0.2671,Non-codel,Mutant,
TCGA-QH-A870-01,4.7016,Non-codel,Mutant,
TCGA-S9-A7R1-01,1.3956,Codel,Mutant,NE
TCGA-TQ-A7RH-01,4.2669,Non-codel,Mutant,PN
TCGA-E1-A7YQ-01,3.8461,Non-codel,WT,ME
TCGA-HT-8107-01,3.5827,Non-codel,WT,NE
TCGA-P5-A5ET-01,0.7999,Codel,Mutant,PN
TCGA-P5-A72W-01,4.1939,Non-codel,Mutant,PN
TCGA-DB-A64L-01,3.7389,Codel,Mutant,NE
TCGA-HW-7493-01,2.909,Non-codel,,NE
TCGA-TM-A84R-01,0.099,Codel,Mutant,
TCGA-HT-A74L-01,3.162,Codel,Mutant,PN
TCGA-HT-7477-01,1.0433,Non-codel,Mutant,PN
TCGA-FG-A87Q-01,0.9419,Non-codel,WT,
TCGA-FG-A70Z-01,5.1061,Non-codel,WT,CL
TCGA-FG-A4MU-01,3.2174,Non-codel,WT,CL
TCGA-DB-A4XB-01,0.4552,Non-codel,Mutant,PN
TCGA-WY-A85D-01,4.0322,Non-codel,Mutant,
TCGA-DU-A5TR-01,4.0136,Non-codel,Mutant,ME
TCGA-CS-4941-01,3.5584,Non-codel,WT,CL
TCGA-HT-A615-01,4.7656,Codel,Mutant,PN
TCGA-HT-A5RB-01,0.8408,Non-codel,Mutant,PN
TCGA-E1-A7YN-01,2.8542,Non-codel,WT,ME
TCGA-QH-A6XC-01,1.7489,Non-codel,WT,CL
TCGA-S9-A6WN-01,-1.3921,Codel,Mutant,ME
TCGA-P5-A72X-01,-0.8599,Non-codel,Mutant,
TCGA-WY-A858-01,0.605,Non-codel,Mutant,
TCGA-DU-7014-01,4.3234,Non-codel,,PN
TCGA-VM-A8CF-01,4.7629,Non-codel,Mutant,
TCGA-CS-4938-01,1.2209,Non-codel,Mutant,
TCGA-DU-8166-01,0.7748,Non-codel,Mutant,PN
TCGA-DU-7300-01,3.8719,Codel,Mutant,NE
TCGA-DU-7292-01,4.382,Non-codel,WT,NE
TCGA-DB-A75P-01,1.2455,Non-codel,WT,NE
TCGA-FG-6691-01,3.3163,Non-codel,Mutant,PN
TCGA-DB-5279-01,1.105,Codel,Mutant,NE
TCGA-S9-A6WI-01,3.6254,Non-codel,Mutant,NE
TCGA-DB-A64S-01,3.4687,Non-codel,Mutant,
TCGA-FG-6692-01,4.6136,Non-codel,WT,CL
TCGA-HW-7489-01,3.0358,Non-codel,Mutant,NE
TCGA-R8-A6YH-01,-0.6873,Non-codel,Mutant,PN
TCGA-HT-8114-01,3.1145,Non-codel,Mutant,
TCGA-TM-A84H-01,3.8208,Non-codel,Mutant,
TCGA-DB-A64V-01,1.674,Codel,Mutant,
TCGA-DU-7019-01,0.4967,Non-codel,Mutant,
TCGA-S9-A7R4-01,2.1925,Non-codel,Mutant,PN
TCGA-S9-A7J3-01,-0.6643,Codel,Mutant,PN
TCGA-TM-A84L-01,3.3814,Non-codel,Mutant,
TCGA-E1-A7YH-01,4.917,Non-codel,Mutant,
TCGA-QH-A65Z-01,0.3907,Codel,Mutant,PN
TCGA-DU-A7TD-01,1.3397,Non-codel,WT,CL
TCGA-DU-5871-01,2.874,Non-codel,Mutant,PN
TCGA-HW-A5KL-01,2.4171,Non-codel,Mutant,PN
TCGA-RY-A83X-01,-1.5105,Codel,Mutant,
TCGA-HT-7687-01,-0.1993,Codel,Mutant,PN
TCGA-HT-A4DV-01,4.9463,Codel,Mutant,NE
TCGA-WY-A85A-01,0.4865,Non-codel,Mutant,
TCGA-DB-5281-01,3.907,Non-codel,Mutant,NE
TCGA-E1-A7YK-01,0.6517,Non-codel,Mutant,ME
TCGA-DU-A7TA-01,2.7826,Non-codel,Mutant,PN
TCGA-CS-5395-01,4.067,Non-codel,WT,CL
TCGA-DH-A7UR-01,-0.2328,Codel,Mutant,
TCGA-DU-6400-01,4.9237,Codel,Mutant,PN
TCGA-HT-A5R5-01,-1.0862,Non-codel,Mutant,NE
TCGA-HT-8018-01,0.9493,Non-codel,Mutant,NE
TCGA-FG-A713-01,-0.5332,Codel,Mutant,NE
TCGA-S9-A6WP-01,3.7116,Codel,Mutant,PN
TCGA-S9-A6U5-01,3.8064,Codel,Mutant,PN
TCGA-E1-A7YO-01,1.0779,Codel,Mutant,PN
TCGA-FG-A710-01,1.4228,Codel,Mutant,PN
TCGA-QH-A6X8-01,-0.9406,Codel,Mutant,PN
TCGA-HT-7610-01,3.4778,Non-codel,Mutant,NE
TCGA-HT-7875-01,4.0722,Codel,Mutant,PN
TCGA-DU-A6S3-01,2.9013,Codel,Mutant,PN
TCGA-R8-A6MK-01,3.2944,Codel,Mutant,
TCGA-P5-A5F0-01,0.3231,Codel,Mutant,NE
TCGA-S9-A6TS-01,-0.1993,Non-codel,Mutant,NE
TCGA-S9-A6TW-01,3.4237,Codel,Mutant,
TCGA-E1-5303-01,1.0711,Non-codel,Mutant,
TCGA-DU-7299-01,-0.8599,Non-codel,Mutant,PN
TCGA-DH-5140-01,4.5167,Non-codel,WT,PN
TCGA-S9-A7QX-01,0.8647,Non-codel,Mutant,PN
TCGA-DU-6408-01,3.2297,Non-codel,Mutant,PN
TCGA-FG-5964-01,3.8581,Codel,Mutant,PN
TCGA-DB-A64Q-01,-1.3183,Codel,Mutant,PN
TCGA-S9-A6WH-01,2.8701,Codel,Mutant,PN
TCGA-DU-A6S8-01,3.7291,Codel,Mutant,PN
TCGA-HT-7858-01,1.0363,Non-codel,Mutant,PN
TCGA-HT-7860-01,3.3814,Non-codel,WT,CL
TCGA-DU-7006-01,4.1986,Non-codel,WT,ME
TCGA-TQ-A7RS-01,3.8749,Codel,Mutant,PN
TCGA-DU-7009-01,4.3306,Codel,Mutant,PN
TCGA-DU-7010-01,3.1278,Non-codel,Mutant,PN
TCGA-QH-A6X3-01,2.6371,Non-codel,Mutant,PN
TCGA-DU-8164-01,0.8726,Codel,Mutant,PN
TCGA-DU-7018-01,2.8562,Codel,Mutant,PN
TCGA-R8-A73M-01,4.6977,Codel,Mutant,PN
TCGA-DB-A75L-01,-1.2481,Non-codel,Mutant,NE
TCGA-RY-A843-01,1.2992,Non-codel,Mutant,
TCGA-HT-7693-01,2.9224,Non-codel,Mutant,
TCGA-DU-A76L-01,4.5916,Non-codel,WT,ME
TCGA-HT-7472-01,0.7916,Non-codel,Mutant,PN
TCGA-TQ-A8XE-01,2.5437,Non-codel,Mutant,
TCGA-HT-A616-01,1.4859,Non-codel,Mutant,NE
TCGA-FG-A4MY-01,1.3567,Non-codel,Mutant,
TCGA-HT-7681-01,1.8604,Codel,Mutant,NE
TCGA-CS-5390-01,3.866,Codel,Mutant,PN
TCGA-DU-A6S2-01,2.7465,Codel,Mutant,NE
TCGA-P5-A5EW-01,-0.8339,Non-codel,Mutant,PN
TCGA-DU-7309-01,-0.5756,Non-codel,Mutant,NE
TCGA-FG-A87N-01,0.6517,Non-codel,Mutant,
TCGA-DB-A4XH-01,-0.7108,Codel,Mutant,NE
TCGA-HT-7485-01,3.864,Non-codel,Mutant,
TCGA-VV-A86M-01,4.0833,Non-codel,Mutant,
TCGA-HT-7468-01,2.3704,Codel,Mutant,PN
TCGA-HT-7677-01,3.7783,Codel,Mutant,PN
TCGA-VW-A7QS-01,-0.1828,Codel,Mutant,
TCGA-DU-A5TY-01,2.7161,Non-codel,WT,CL
TCGA-HT-8109-01,-0.6193,Codel,Mutant,NE
TCGA-S9-A6TZ-01,0.8164,Non-codel,Mutant,PN
TCGA-HT-7606-01,4.9723,Non-codel,Mutant,PN
TCGA-DH-5142-01,3.5523,Non-codel,Mutant,PN
TCGA-DU-7294-01,0.1257,Codel,Mutant,PN
TCGA-HT-7479-01,2.9375,Non-codel,Mutant,
TCGA-DB-5275-01,3.7061,Non-codel,Mutant,PN
TCGA-TM-A7C4-01,3.5262,Non-codel,Mutant,NE
TCGA-DU-5872-01,1.3283,Non-codel,Mutant,PN
TCGA-FG-8186-01,2.0569,Codel,Mutant,
TCGA-TM-A84I-01,-1.3548,Non-codel,Mutant,
TCGA-S9-A6U6-01,1.0642,Non-codel,Mutant,NE
TCGA-E1-5305-01,0.3115,Non-codel,Mutant,NE
TCGA-DU-6395-01,5.3187,Non-codel,Mutant,PN
TCGA-TM-A84T-01,-0.6193,Non-codel,Mutant,
TCGA-HT-7879-01,3.8259,Non-codel,Mutant,PN
TCGA-S9-A7IZ-01,3.2826,Non-codel,Mutant,NE
TCGA-HT-7602-01,0.8327,Non-codel,Mutant,
TCGA-DU-A7TJ-01,4.4654,Non-codel,WT,CL
TCGA-P5-A77W-01,-0.4131,Codel,Mutant,PN
TCGA-CS-6186-01,4.4751,Non-codel,WT,CL
TCGA-DU-7008-01,3.8808,Non-codel,Mutant,PN
TCGA-P5-A5EU-01,1.6558,Non-codel,Mutant,
TCGA-HT-7688-01,2.609,Non-codel,Mutant,NE
TCGA-DU-A7T8-01,1.9968,Non-codel,Mutant,PN
TCGA-DB-A64U-01,3.5645,Codel,Mutant,PN
TCGA-HT-A61C-01,5.6565,Non-codel,WT,
TCGA-F6-A8O3-01,0.679,Codel,Mutant,
TCGA-DB-A64O-01,4.7725,Non-codel,WT,NE
TCGA-R8-A6ML-01,2.4008,Codel,Mutant,PN
TCGA-DU-A5TT-01,5.0501,Non-codel,WT,
TCGA-HT-8111-01,3.3773,Non-codel,Mutant,PN
TCGA-S9-A7QZ-01,-0.7108,Codel,Mutant,PN
TCGA-IK-7675-01,1.3397,Non-codel,Mutant,PN
TCGA-TQ-A7RW-01,1.8282,Non-codel,Mutant,PN
TCGA-TQ-A7RU-01,1.3735,Codel,Mutant,PN
TCGA-HT-7470-01,3.7006,Non-codel,Mutant,NE
TCGA-HT-8108-01,4.0127,Non-codel,Mutant,PN
TCGA-DB-A4XE-01,3.5174,Non-codel,Mutant,PN
TCGA-HT-A4DS-01,3.9783,Non-codel,WT,CL
TCGA-E1-A7YU-01,0.0718,Non-codel,Mutant,NE
TCGA-DU-8158-01,4.3772,Non-codel,WT,
TCGA-HT-7474-01,3.7138,Non-codel,Mutant,NE
TCGA-DH-5143-01,2.9929,Non-codel,Mutant,NE
TCGA-TQ-A7RJ-01,0.0718,Non-codel,Mutant,
TCGA-TM-A84J-01,3.1393,Non-codel,WT,
TCGA-E1-A7YD-01,5.2869,Non-codel,WT,CL
TCGA-S9-A7QY-01,3.6254,Codel,Mutant,PN
TCGA-P5-A731-01,2.0325,Non-codel,Mutant,NE
TCGA-E1-A7YE-01,0.7493,Non-codel,Mutant,ME
TCGA-HW-8321-01,0.03,Non-codel,Mutant,PN
TCGA-HT-8010-01,0.1388,Codel,Mutant,NE
TCGA-DB-5270-01,3.1028,Non-codel,Mutant,NE
TCGA-HT-A5R9-01,4.0436,Codel,Mutant,PN
TCGA-KT-A74X-01,-1.4699,Codel,Mutant,PN
TCGA-HT-A74K-01,4.8213,Codel,Mutant,PN
TCGA-WY-A85C-01,3.3661,Non-codel,Mutant,
TCGA-FG-8188-01,1.0079,Non-codel,Mutant,
TCGA-DU-A6S7-01,3.402,Non-codel,Mutant,PN
TCGA-HT-7855-01,3.2856,Non-codel,Mutant,PN
TCGA-HT-8015-01,3.3979,Non-codel,WT,NE
TCGA-DB-A75O-01,4.1335,Non-codel,Mutant,
TCGA-S9-A6TY-01,-1.0262,Codel,Mutant,PN
TCGA-DU-A7TB-01,4.4457,Non-codel,WT,PN
TCGA-HT-7604-01,-1.3183,Non-codel,Mutant,PN
TCGA-HT-7884-01,0.0014,Non-codel,Mutant,PN
TCGA-QH-A6CY-01,1.614,Codel,Mutant,NE
TCGA-S9-A6WM-01,4.4463,Non-codel,WT,CL
TCGA-CS-6667-01,-1.5105,Non-codel,Mutant,
TCGA-QH-A6CV-01,2.5462,Non-codel,WT,CL
TCGA-VM-A8CE-01,4.481,Codel,Mutant,
TCGA-DB-A64X-01,0.2642,Non-codel,Mutant,
TCGA-P5-A72U-01,4.7005,Non-codel,WT,CL
TCGA-DB-A75K-01,4.1571,Codel,Mutant,PN
TCGA-DU-6410-01,-0.4921,Codel,Mutant,PN
TCGA-E1-5307-01,3.0287,Non-codel,Mutant,PN
TCGA-S9-A7IY-01,1.2516,Codel,Mutant,
TCGA-P5-A781-01,3.2737,Codel,Mutant,NE
TCGA-DU-6405-01,4.431,Non-codel,WT,CL
TCGA-DU-5852-01,4.3576,Non-codel,WT,CL
TCGA-FG-A6J3-01,1.0293,Non-codel,Mutant,ME
TCGA-CS-5397-01,4.6358,Non-codel,WT,NE
TCGA-FG-A70Y-01,-0.6873,Non-codel,Mutant,
TCGA-FG-7643-01,4.0679,Non-codel,WT,NE
TCGA-TM-A84C-01,3.027,Non-codel,WT,
TCGA-WY-A85E-01,3.3321,Non-codel,Mutant,
TCGA-HW-A5KM-01,0.1257,Non-codel,Mutant,ME
TCGA-DU-7298-01,-1.0262,Non-codel,Mutant,PN
TCGA-FG-7637-01,0.9038,Non-codel,Mutant,PN
TCGA-QH-A65R-01,-2.0529,Codel,Mutant,PN
TCGA-FG-A60J-01,3.3235,Non-codel,Mutant,PN
TCGA-FG-8189-01,2.409,Non-codel,Mutant,NE
TCGA-P5-A5EY-01,0.8246,Non-codel,WT,NE
TCGA-QH-A6X5-01,3.5971,Codel,Mutant,PN
TCGA-HT-7605-01,3.453,Codel,Mutant,NE
TCGA-DU-6394-01,3.3633,Codel,Mutant,PN
TCGA-S9-A6WO-01,3.3759,Non-codel,Mutant,PN
TCGA-WY-A859-01,4.4595,Non-codel,Mutant,
TCGA-WY-A85B-01,3.3421,Non-codel,Mutant,
TCGA-S9-A6UB-01,4.5342,Codel,Mutant,PN
TCGA-DU-7290-01,1.2455,Non-codel,WT,ME
TCGA-P5-A5F6-01,3.6939,Non-codel,WT,ME
TCGA-DU-6407-01,0.537,Non-codel,Mutant,PN
TCGA-HT-7601-01,-0.6873,Non-codel,Mutant,
TCGA-DU-6403-01,5.5126,Non-codel,WT,PN
TCGA-DB-A4XG-01,4.2684,Codel,Mutant,PN
TCGA-DB-A64R-01,3.7453,Codel,Mutant,PN
TCGA-HW-7487-01,4.314,Codel,Mutant,NE
TCGA-S9-A7J1-01,1.125,Codel,Mutant,PN
TCGA-FG-6689-01,4.1482,Non-codel,Mutant,NE
TCGA-HT-8011-01,4.576,Non-codel,WT,
TCGA-E1-A7YJ-01,5.2529,Non-codel,WT,CL
TCGA-DB-5277-01,4.0313,Non-codel,Mutant,PN
TCGA-HT-7690-01,1.683,Non-codel,Mutant,PN
TCGA-TM-A84M-01,0.4125,Codel,Mutant,
TCGA-HT-8105-01,3.3591,Codel,Mutant,PN
TCGA-E1-A7YY-01,0.1903,Non-codel,Mutant,NE
TCGA-HT-A619-01,0.3685,Codel,Mutant,PN
TCGA-E1-5318-01,4.2227,Codel,Mutant,PN
TCGA-P5-A737-01,-1.0262,Codel,Mutant,PN
TCGA-RY-A83Y-01,-1.1811,Codel,Mutant,
TCGA-HT-8564-01,3.7083,Non-codel,WT,NE
TCGA-HT-7686-01,3.3407,Non-codel,Mutant,
TCGA-E1-A7YM-01,1.1641,Non-codel,WT,NE
TCGA-DU-7301-01,3.981,Non-codel,Mutant,
TCGA-S9-A6UA-01,3.0808,Non-codel,WT,ME
TCGA-TM-A84G-01,1.3956,Codel,Mutant,
TCGA-VV-A829-01,0.2642,Codel,Mutant,
TCGA-DH-A66B-01,-0.013,Non-codel,Mutant,
TCGA-HT-A5R7-01,2.9802,Non-codel,Mutant,NE
TCGA-CS-5394-01,3.0234,Non-codel,Mutant,PN
TCGA-HT-A61A-01,0.8488,Non-codel,Mutant,
TCGA-HT-7877-01,-0.5543,Codel,Mutant,NE
TCGA-HT-A618-01,3.4384,Non-codel,Mutant,
TCGA-DU-6542-01,-0.9971,Non-codel,Mutant,PN
TCGA-QH-A6CS-01,4.0985,Non-codel,WT,
TCGA-W9-A837-01,-1.4305,Codel,Mutant,
TCGA-DU-7306-01,3.2526,Non-codel,Mutant,
TCGA-VM-A8CH-01,3.1294,Non-codel,Mutant,
TCGA-QH-A6X9-01,3.6983,Non-codel,Mutant,PN
TCGA-E1-5311-01,0.0854,Codel,Mutant,PN
TCGA-S9-A6U0-01,1.7053,Non-codel,WT,ME
TCGA-QH-A6CZ-01,-0.394,Codel,Mutant,PN
TCGA-HT-7611-01,-0.0425,Non-codel,Mutant,
TCGA-WH-A86K-01,-0.7588,Non-codel,Mutant,
TCGA-DH-5141-01,3.6748,Codel,Mutant,PN
TCGA-FG-A60L-01,3.0217,Non-codel,Mutant,
TCGA-DB-5280-01,-1.8836,Non-codel,Mutant,PN
TCGA-S9-A7IX-01,3.7518,Non-codel,WT,CL
TCGA-HT-A5RC-01,1.0779,Non-codel,WT,CL
TCGA-FG-5965-01,4.8565,Non-codel,Mutant,PN
TCGA-FG-7634-01,0.434,Codel,Mutant,PN
TCGA-S9-A6TU-01,2.8701,Non-codel,Mutant,PN
TCGA-DU-7007-01,2.8199,Non-codel,Mutant,ME
TCGA-HW-7490-01,2.8779,Non-codel,Mutant,
TCGA-TM-A7C3-01,3.6219,Non-codel,WT,CL
TCGA-CS-6668-01,0.8082,Codel,Mutant,PN
TCGA-S9-A6WG-01,4.2404,Non-codel,Mutant,ME
TCGA-DU-8165-01,3.4224,Non-codel,WT,
TCGA-HT-7692-01,1.7744,Codel,Mutant,PN
TCGA-TQ-A7RM-01,2.0325,Non-codel,Mutant,PN
TCGA-HT-7607-01,-0.1187,Codel,Mutant,NE
TCGA-HT-7880-01,2.4465,Non-codel,Mutant,NE
TCGA-DU-8161-01,5.1445,Non-codel,WT,CL
TCGA-HT-7467-01,2.9875,Codel,Mutant,NE
TCGA-VM-A8CD-01,0.3573,Non-codel,WT,
TCGA-DU-6401-01,3.7464,Non-codel,Mutant,PN
TCGA-DU-6396-01,1.3901,Non-codel,Mutant,PN
TCGA-HT-A74H-01,5.026,Non-codel,WT,NE
TCGA-HT-7483-01,0.099,Non-codel,Mutant,PN
TCGA-HT-7620-01,2.9469,Codel,Mutant,PN
TCGA-HT-7480-01,3.6939,Codel,Mutant,PN
TCGA-S9-A7J0-01,3.3492,Non-codel,Mutant,PN
TCGA-P5-A736-01,3.2737,Non-codel,Mutant,
TCGA-TM-A84Q-01,-1.6394,Non-codel,Mutant,
TCGA-RY-A847-01,4.0366,Codel,Mutant,
TCGA-E1-A7YV-01,3.8581,Non-codel,Mutant,PN
TCGA-TQ-A7RQ-01,3.0056,Codel,Mutant,PN
TCGA-FG-8191-01,3.6793,Non-codel,Mutant,PN
TCGA-E1-A7YW-01,2.8301,Non-codel,Mutant,PN
TCGA-DB-5278-01,-0.8084,Codel,Mutant,PN
TCGA-E1-A7YS-01,1.9111,Codel,Mutant,PN
TCGA-HT-7695-01,2.8681,Codel,Mutant,NE
TCGA-DU-A7TC-01,2.2237,Non-codel,Mutant,NE
TCGA-HW-7491-01,0.6699,Codel,Mutant,PN
TCGA-DB-A4X9-01,5.2891,Non-codel,Mutant,PN
TCGA-HT-A614-01,1.3225,Non-codel,Mutant,PN
TCGA-TQ-A7RI-01,3.8187,Codel,Mutant,PN
TCGA-CS-6188-01,4.3889,Non-codel,WT,CL
TCGA-QH-A86X-01,3.7017,Codel,Mutant,
TCGA-DU-A76R-01,3.2885,Codel,Mutant,NE
TCGA-DH-5144-01,-0.6416,Codel,Mutant,PN
TCGA-DU-8168-01,-4.6082,Codel,Mutant,PN
TCGA-VM-A8C8-01,0.6699,Non-codel,Mutant,
TCGA-HT-7882-01,1.6234,Non-codel,WT,ME
TCGA-DU-6399-01,3.4556,Non-codel,Mutant,PN
TCGA-S9-A7R7-01,1.177,Non-codel,Mutant,ME
TCGA-E1-A7Z2-01,4.306,Non-codel,WT,NE
TCGA-DU-A5TP-01,3.5287,Non-codel,Mutant,ME
TCGA-FG-8187-01,1.334,Codel,Mutant,NE
TCGA-IK-8125-01,0.6517,Codel,Mutant,NE
TCGA-CS-6666-01,3.1393,Non-codel,Mutant,PN
TCGA-TM-A7CF-01,2.2663,Non-codel,Mutant,NE
TCGA-DH-A7US-01,1.7229,Codel,Mutant,PN
TCGA-DU-7013-01,2.5413,Non-codel,WT,CL
TCGA-E1-A7Z6-01,4.0584,Non-codel,Mutant,
TCGA-HT-7857-01,1.4859,Non-codel,WT,ME
TCGA-E1-5319-01,3.2677,Codel,Mutant,PN
TCGA-DU-A5TS-01,1.6558,Non-codel,Mutant,
TCGA-HT-7856-01,3.6417,Codel,Mutant,NE
TCGA-DU-6392-01,4.0233,Non-codel,WT,PN
TCGA-QH-A6CU-01,1.3623,Codel,Mutant,
TCGA-DU-6404-01,3.9356,Non-codel,WT,CL
TCGA-VW-A8FI-01,4.7704,Non-codel,WT,
TCGA-P5-A5EZ-01,3.4129,Non-codel,Mutant,PN
TCGA-S9-A89Z-01,3.6589,Non-codel,Mutant,
TCGA-FG-5963-01,1.5064,Non-codel,WT,ME
TCGA-S9-A7IQ-01,0.517,Codel,Mutant,NE
TCGA-S9-A89V-01,4.8655,Non-codel,WT,
TCGA-DB-A64W-01,3.4358,Codel,Mutant,PN
TCGA-FG-A4MX-01,-0.0574,Non-codel,Mutant,
TCGA-P5-A72Z-01,0.3907,Codel,Mutant,PN
TCGA-S9-A6U1-01,4.3449,Non-codel,Mutant,PN
TCGA-HT-7881-01,3.7794,Codel,Mutant,NE
TCGA-QH-A65V-01,4.836,Codel,Mutant,NE
TCGA-DU-A7TG-01,0.6517,Non-codel,Mutant,NE
TCGA-TQ-A7RV-01,3.8491,Non-codel,Mutant,PN
TCGA-DU-5874-01,3.3689,Codel,Mutant,PN
TCGA-QH-A6X4-01,1.8524,Codel,Mutant,PN
TCGA-VM-A8CB-01,-2.8262,Codel,Mutant,
TCGA-DH-A66F-01,4.3632,Codel,Mutant,PN
TCGA-HT-7694-01,0.2277,Codel,Mutant,NE
TCGA-HT-7471-01,1.0222,Codel,Mutant,PN
TCGA-HT-7608-01,2.0111,Codel,Mutant,NE
TCGA-CS-6290-01,0.4761,Non-codel,Mutant,
TCGA-DB-A4XD-01,0.7146,Non-codel,Mutant,PN
TCGA-TQ-A7RK-01,2.8858,Non-codel,Mutant,PN
TCGA-HT-7475-01,4.1145,Non-codel,Mutant,NE
TCGA-TQ-A7RO-01,1.5316,Codel,Mutant,PN
TCGA-HT-7902-01,1.1577,Non-codel,Mutant,NE
TCGA-FG-A711-01,0.4761,Non-codel,Mutant,NE
TCGA-DB-5276-01,0.4125,Non-codel,Mutant,NE
TCGA-P5-A730-01,0.5069,Codel,Mutant,
TCGA-HT-A74O-01,-0.5973,Non-codel,Mutant,
TCGA-HT-A74J-01,1.5064,Non-codel,Mutant,PN
TCGA-DU-5855-01,0.8246,Non-codel,Mutant,PN
TCGA-DH-A669-01,4.1547,Codel,Mutant,PN
TCGA-HT-A617-01,2.5707,Non-codel,WT,CL
TCGA-QH-A6CX-01,2.9375,Non-codel,WT,CL
TCGA-P5-A5F4-01,0.24,Non-codel,Mutant,NE
TCGA-DU-A5TU-01,1.766,Non-codel,Mutant,PN
TCGA-DU-A76K-01,1.8078,Non-codel,WT,NE
TCGA-HT-7609-01,1.4911,Non-codel,Mutant,PN
TCGA-TQ-A7RR-01,1.8404,Non-codel,Mutant,NE
TCGA-DH-A66D-01,-0.1665,Non-codel,Mutant,PN
TCGA-DH-A7UV-01,-0.3022,Non-codel,Mutant,PN
TCGA-FG-6690-01,1.9034,Non-codel,Mutant,PN
TCGA-DB-A4XA-01,3.7193,Codel,Mutant,PN
TCGA-DU-8167-01,3.2267,Non-codel,Mutant,PN
TCGA-QH-A65X-01,4.9203,Codel,Mutant,
TCGA-P5-A780-01,3.6725,Non-codel,Mutant,PN
TCGA-E1-5302-01,4.0401,Non-codel,Mutant,PN
TCGA-HW-A5KJ-01,4.6065,Codel,Mutant,PN
TCGA-FG-7636-01,1.177,Non-codel,Mutant,PN
TCGA-DU-5847-01,1.105,Non-codel,WT,ME
TCGA-DU-6406-01,4.2526,Non-codel,WT,CL
TCGA-TM-A84B-01,0.8647,Non-codel,WT,
TCGA-DU-A76O-01,3.8044,Non-codel,Mutant,PN
TCGA-CS-4944-01,4.3986,Non-codel,Mutant,
TCGA-HT-7603-01,1.4388,Non-codel,Mutant,NE
